<?xml version='1.0' encoding='UTF-8'?><wsdl:definitions name="MtomServiceService" targetNamespace="http://gpcxf5/" xmlns:ns1="http://schemas.xmlsoap.org/soap/http" xmlns:soap="http://schemas.xmlsoap.org/wsdl/soap/" xmlns:tns="http://gpcxf5/" xmlns:wsdl="http://schemas.xmlsoap.org/wsdl/" xmlns:xsd="http://www.w3.org/2001/XMLSchema">
  <wsdl:types>
<xs:schema elementFormDefault="unqualified" targetNamespace="http://gpcxf5/" version="1.0" xmlns:tns="http://gpcxf5/" xmlns:xmime="http://www.w3.org/2005/05/xmlmime" xmlns:xs="http://www.w3.org/2001/XMLSchema">
<xs:import namespace="http://www.w3.org/2005/05/xmlmime"/>
  <xs:element name="getMd5Service" type="tns:getMd5Service"/>
<xs:element name="getMd5ServiceResponse" type="tns:getMd5ServiceResponse"/>
<xs:element name="md5Calculator" type="tns:md5Calculator"/>
<xs:element name="md5CalculatorResponse" type="tns:md5CalculatorResponse"/>
<xs:element name="md5FileCalculator" type="tns:md5FileCalculator"/>
<xs:element name="md5FileCalculatorResponse" type="tns:md5FileCalculatorResponse"/>
<xs:element name="setMd5Service" type="tns:setMd5Service"/>
<xs:element name="setMd5ServiceResponse" type="tns:setMd5ServiceResponse"/>
<xs:complexType name="md5FileCalculator">
    <xs:sequence>
      <xs:element minOccurs="0" name="input" type="xs:base64Binary" xmime:expectedContentTypes="application/octet-stream"/>
    </xs:sequence>
  </xs:complexType>
<xs:complexType name="md5FileCalculatorResponse">
    <xs:sequence>
      <xs:element minOccurs="0" name="md5" type="xs:string"/>
    </xs:sequence>
  </xs:complexType>
<xs:complexType name="setMd5Service">
    <xs:sequence>
      <xs:element minOccurs="0" name="arg0" type="xs:anyType"/>
    </xs:sequence>
  </xs:complexType>
<xs:complexType name="setMd5ServiceResponse">
    <xs:sequence/>
  </xs:complexType>
<xs:complexType name="md5Calculator">
    <xs:sequence>
      <xs:element minOccurs="0" name="input" type="xs:string"/>
    </xs:sequence>
  </xs:complexType>
<xs:complexType name="md5CalculatorResponse">
    <xs:sequence>
      <xs:element minOccurs="0" name="md5" type="xs:string"/>
    </xs:sequence>
  </xs:complexType>
<xs:complexType name="getMd5Service">
    <xs:sequence/>
  </xs:complexType>
<xs:complexType name="getMd5ServiceResponse">
    <xs:sequence>
      <xs:element minOccurs="0" name="return" type="xs:anyType"/>
    </xs:sequence>
  </xs:complexType>
</xs:schema>
  </wsdl:types>
  <wsdl:message name="getMd5Service">
    <wsdl:part element="tns:getMd5Service" name="parameters">
    </wsdl:part>
  </wsdl:message>
  <wsdl:message name="md5FileCalculatorResponse">
    <wsdl:part element="tns:md5FileCalculatorResponse" name="parameters">
    </wsdl:part>
  </wsdl:message>
  <wsdl:message name="setMd5Service">
    <wsdl:part element="tns:setMd5Service" name="parameters">
    </wsdl:part>
  </wsdl:message>
  <wsdl:message name="md5CalculatorResponse">
    <wsdl:part element="tns:md5CalculatorResponse" name="parameters">
    </wsdl:part>
  </wsdl:message>
  <wsdl:message name="md5Calculator">
    <wsdl:part element="tns:md5Calculator" name="parameters">
    </wsdl:part>
  </wsdl:message>
  <wsdl:message name="md5FileCalculator">
    <wsdl:part element="tns:md5FileCalculator" name="parameters">
    </wsdl:part>
  </wsdl:message>
  <wsdl:message name="setMd5ServiceResponse">
    <wsdl:part element="tns:setMd5ServiceResponse" name="parameters">
    </wsdl:part>
  </wsdl:message>
  <wsdl:message name="getMd5ServiceResponse">
    <wsdl:part element="tns:getMd5ServiceResponse" name="parameters">
    </wsdl:part>
  </wsdl:message>
  <wsdl:portType name="MtomService">
    <wsdl:operation name="md5FileCalculator">
      <wsdl:input message="tns:md5FileCalculator" name="md5FileCalculator">
    </wsdl:input>
      <wsdl:output message="tns:md5FileCalculatorResponse" name="md5FileCalculatorResponse">
    </wsdl:output>
    </wsdl:operation>
    <wsdl:operation name="setMd5Service">
      <wsdl:input message="tns:setMd5Service" name="setMd5Service">
    </wsdl:input>
      <wsdl:output message="tns:setMd5ServiceResponse" name="setMd5ServiceResponse">
    </wsdl:output>
    </wsdl:operation>
    <wsdl:operation name="md5Calculator">
      <wsdl:input message="tns:md5Calculator" name="md5Calculator">
    </wsdl:input>
      <wsdl:output message="tns:md5CalculatorResponse" name="md5CalculatorResponse">
    </wsdl:output>
    </wsdl:operation>
    <wsdl:operation name="getMd5Service">
      <wsdl:input message="tns:getMd5Service" name="getMd5Service">
    </wsdl:input>
      <wsdl:output message="tns:getMd5ServiceResponse" name="getMd5ServiceResponse">
    </wsdl:output>
    </wsdl:operation>
  </wsdl:portType>
  <wsdl:binding name="MtomServiceServiceSoapBinding" type="tns:MtomService">
    <soap:binding style="document" transport="http://schemas.xmlsoap.org/soap/http"/>
    <wsdl:operation name="md5FileCalculator">
      <soap:operation soapAction="" style="document"/>
      <wsdl:input name="md5FileCalculator">
        <soap:body use="literal"/>
      </wsdl:input>
      <wsdl:output name="md5FileCalculatorResponse">
        <soap:body use="literal"/>
      </wsdl:output>
    </wsdl:operation>
    <wsdl:operation name="setMd5Service">
      <soap:operation soapAction="" style="document"/>
      <wsdl:input name="setMd5Service">
        <soap:body use="literal"/>
      </wsdl:input>
      <wsdl:output name="setMd5ServiceResponse">
        <soap:body use="literal"/>
      </wsdl:output>
    </wsdl:operation>
    <wsdl:operation name="md5Calculator">
      <soap:operation soapAction="" style="document"/>
      <wsdl:input name="md5Calculator">
        <soap:body use="literal"/>
      </wsdl:input>
      <wsdl:output name="md5CalculatorResponse">
        <soap:body use="literal"/>
      </wsdl:output>
    </wsdl:operation>
    <wsdl:operation name="getMd5Service">
      <soap:operation soapAction="" style="document"/>
      <wsdl:input name="getMd5Service">
        <soap:body use="literal"/>
      </wsdl:input>
      <wsdl:output name="getMd5ServiceResponse">
        <soap:body use="literal"/>
      </wsdl:output>
    </wsdl:operation>
  </wsdl:binding>
  <wsdl:service name="MtomServiceService">
    <wsdl:port binding="tns:MtomServiceServiceSoapBinding" name="MtomServicePort">
      <soap:address location="http://localhost:8080/gpcxf5/services/mtom"/>
    </wsdl:port>
  </wsdl:service>
</wsdl:definitions>